Underlying,Strike,IV,TTM,RF,DivRate
98.26877591897522,108.18370223364244,0.21,161,0.045,0.052598044055124436
