Asset1,Asset2,Asset3
0.026933858935228924,0.0013541613023818377,0.001602037748399501
0.0013541613023818374,0.04255222110203183,0.0020136527122372187
0.001602037748399501,0.0020136527122372187,0.05955619266879313
