RF,Expected_Value_1,Expected_Value_2,Expected_Value_3
0.045,0.1515993160987419,0.17898810496151674,0.20351435246843108
