weight1,weight2,weight3
0.6960633561870065,0.09563003746294067,0.20830660635005283
